Pseudonyme;id_public;date
Haverfice;100;2022-01-08
Malactind;100;2022-01-08
Eveithe56;100;2022-01-08
Accoure;100;2022-01-08
Owbet1963;100;2022-01-09
Othoose56;100;2022-01-09
Riotied;100;2022-01-09
Triated;100;2022-01-11
Wooduousted;100;2022-01-12
Carmseepan;100;2022-01-12
Hene1991;100;2022-01-12
Bullithein;100;2022-01-13
Eveithe56;101;2022-01-19
Accoure;101;2022-01-20
Owbet1963;101;2022-01-21
Othoose56;101;2022-01-21
Riotied;101;2022-01-21
Triated;101;2022-01-21
Wooduousted;101;2022-01-22
Carmseepan;101;2022-01-22
Hene1991;101;2022-01-22
Bullithein;101;2022-01-23
Aptir1980;103;2022-01-30
Haverfice;103;2022-01-30
Malactind;103;2022-01-30
Eveithe56;103;2022-01-30
Accoure;103;2022-01-31
Owbet1963;103;2022-02-01
Othoose56;103;2022-02-01
Riotied;103;2022-02-01
Triated;103;2022-02-01
Wooduousted;103;2022-02-02
Carmseepan;103;2022-02-02
Hene1991;103;2022-02-03
Bullithein;103;2022-02-04
Wassible;103;2022-02-04
Formaded;103;2022-02-04
Pround;103;2022-02-04
Uniscomen;103;2022-02-04
Panytherry;104;2022-02-12
Nabing;104;2022-02-13
Sweld1954;104;2022-02-14
Phrovis;104;2022-02-15
Stropeten;104;2022-02-16
Thervin;104;2022-02-17
Stropeten;105;2022-02-16
Panytherry;106;2022-03-01
Nabing;106;2022-03-02
Sweld1954;106;2022-03-03
Bullithein;107;2022-03-15
Wassible;107;2022-03-15
Formaded;107;2022-03-15
Pround;107;2022-03-15
Uniscomen;107;2022-03-16
Sonarmiss;107;2022-03-17
Moste1964;107;2022-03-17
Upoctin;107;2022-03-17
Bose1982;107;2022-03-17
Fincureplarl;107;2022-03-17
Alky1995;107;2022-03-18
Panytherry;107;2022-03-18
Nabing;107;2022-03-18
Sweld1954;107;2022-03-18
Phrovis;110;2022-04-02
Stropeten;110;2022-04-03
Thervin;110;2022-04-04
Eard1982;110;2022-04-05
Withild;110;2022-04-06
Allecomead;110;2022-04-06
Brible;110;2022-04-06
Witied;110;2022-04-06
Uposurs45;110;2022-04-06
Conore;110;2022-04-07
Uplive;110;2022-04-08
Therling;110;2022-04-09
Sonsise;110;2022-04-10
Alky1995;110;2022-04-10
Othoose56;111;2022-04-12
Riotied;111;2022-04-13
Triated;111;2022-04-14
Wooduousted;111;2022-04-15
Carmseepan;111;2022-04-16
Hene1991;111;2022-04-17
Bullithein;111;2022-04-18
Wassible;111;2022-04-18
Formaded;111;2022-04-18
Pround;111;2022-04-18
Uniscomen;111;2022-04-19
Aptir1980;112;2022-04-25
Haverfice;112;2022-04-26
Malactind;112;2022-04-27
Eveithe56;112;2022-04-28
Accoure;112;2022-04-29
Owbet1963;112;2022-04-29
Othoose56;112;2022-04-29
Riotied;112;2022-04-29
Triated;112;2022-04-29
Wooduousted;112;2022-04-30
Carmseepan;112;2022-05-01
Hene1991;113;2022-04-26
Bullithein;118;2022-06-05
Wassible;118;2022-06-05
Formaded;119;2022-06-09
Pround;123;2022-07-19
Riotied;126;2022-08-07
Triated;128;2022-08-17
Wooduousted;128;2022-08-18
Carmseepan;129;2022-08-22
Hene1991;129;2022-08-22
Bullithein;129;2022-08-23
Wassible;129;2022-08-24